region_id,phase,geography_role,test_mode,segment_type,segment,paired,dates,sites,acquisitions,collected_rows,qa_admitted,feature_complete,unscored,old_mae,expanded_mae,delta_mae,old_balanced_mae,expanded_balanced_mae,delta_balanced_mae,old_bias,expanded_bias,delta_bias,old_balanced_bias,expanded_balanced_bias,delta_balanced_bias,old_above_3_fraction,expanded_above_3_fraction,delta_above_3_fraction,old_above_5_fraction,expanded_above_5_fraction,delta_above_5_fraction,old_above_7_fraction,expanded_above_7_fraction,delta_above_7_fraction,old_balanced_above_3_fraction,expanded_balanced_above_3_fraction,delta_balanced_above_3_fraction,old_balanced_above_5_fraction,expanded_balanced_above_5_fraction,delta_balanced_above_5_fraction,old_balanced_above_7_fraction,expanded_balanced_above_7_fraction,delta_balanced_above_7_fraction,observed,old_numerically_le3,expanded_numerically_le3,outcome
greater_london,day,original_development,geography,pilot_phase,greater_london|day,7049,4,1,4,131616,7049,7049,124567,2.841162977813356,2.457887915692265,-0.3832750621210907,2.3417851972323342,2.2685146184051823,-0.0732705788271519,-2.042882476702673,-1.688546534605628,0.3543359420970449,0.4736705562278305,-0.4401349476287712,-0.9138055038566018,0.3743793445878848,0.3355085827776989,-0.0388707618101858,0.1957724499929068,0.1371825790892325,-0.0585898709036742,0.0785927081855582,0.0225563909774436,-0.0560363172081146,0.2509958908136304,0.2772878302789309,0.0262919394653005,0.1033545722040991,0.0782874435203672,-0.0250671286837319,0.0276132827646593,0.0110377145520425,-0.0165755682126167,True,True,True,improved
greater_london,night,original_development,geography,pilot_phase,greater_london|night,24791,6,1,6,139388,24791,24791,114597,2.8446189827724075,2.100937047137838,-0.7436819356345694,3.5568128455806463,2.9092626642256194,-0.6475501813550268,-2.58586064039576,-1.858007862804811,0.7278527775909489,-1.8197884978402512,-1.5208162375347292,0.298972260305522,0.497841958775362,0.2565447138074301,-0.2412972449679319,0.0389657537009398,0.0167399459481263,-0.0222258077528135,0.0103666653220926,0.0058892339962083,-0.0044774313258843,0.5983805618232201,0.419780432695598,-0.178600129127622,0.201518620616414,0.1413856262997123,-0.0601329943167017,0.0773122517144712,0.0669246215381354,-0.0103876301763358,True,False,True,improved
cabauw,day,original_reference,reference,pilot_phase,cabauw|day,5142,5,1,5,56722,5142,5142,51580,1.3029448218775117,1.7439491151325166,0.4410042932550049,2.351739499232409,2.5980055711386867,0.2462660719062777,0.6255715277456839,-1.0833527337295132,-1.7089242614751972,1.574443014602997,0.6270144797024676,-0.9474285349005296,0.0748735900427849,0.1443018280824582,0.0694282380396733,0.0132244262932711,0.0128354725787631,-0.0003889537145079,0.0027226760015558,0.0027226760015558,0.0,0.3460941428110798,0.3941232734370558,0.0480291306259759,0.0736964637489018,0.0774931490691981,0.0037966853202962,0.0175478030670742,0.0203538823669446,0.0028060792998703,True,True,True,worsened
cabauw,night,original_reference,reference,pilot_phase,cabauw|night,8801,5,1,5,50649,8801,8801,41848,1.805189156820876,1.2831117025485768,-0.5220774542722992,2.119805332022058,1.5483786404864726,-0.5714266915355852,-0.3656789240847014,-0.5447367415804535,-0.1790578174957521,-1.2441204628903957,-0.9434190816220344,0.3007013812683613,0.1686172025906147,0.090785138052494,-0.0778320645381207,0.030110214748324,0.0288603567776389,-0.001249857970685,0.0077263947278718,0.0056811725940234,-0.0020452221338484,0.3037323643405401,0.0611359814036589,-0.2425963829368811,0.0193455488915825,0.0179382247492414,-0.001407324142341,0.0048994337991085,0.0036225719321409,-0.0012768618669676,True,True,True,improved
darwin_howard_springs,day,original_development,geography,pilot_phase,darwin_howard_springs|day,3898,3,1,3,82851,4382,3898,78953,7.3272880340917,4.486172129752827,-2.8411159043388734,8.028575754640137,5.149590976502656,-2.8789847781374807,7.174385595319401,2.545308800078691,-4.62907679524071,7.913014346547097,3.508226313851544,-4.404788032695553,0.8324781939456132,0.5505387378142638,-0.2819394561313494,0.7001026167265264,0.3609543355566957,-0.3391482811698307,0.512827090815803,0.2334530528476141,-0.2793740379681889,0.8675359161970706,0.6203588512689882,-0.2471770649280824,0.7592097292400852,0.4569924622315677,-0.3022172670085175,0.5977361354902765,0.3148524900068998,-0.2828836454833767,True,False,False,improved
darwin_howard_springs,night,original_development,geography,pilot_phase,darwin_howard_springs|night,17,1,1,1,73841,30,17,73824,7.094332308297684,4.144954901729632,-2.9493774065680523,7.095506661795499,4.145864524215741,-2.949642137579758,-7.094332308297684,-3.4449734676469568,3.649358840650727,-7.095506661795499,-3.4463289726818926,3.649177689113606,0.8235294117647058,0.5882352941176471,-0.2352941176470587,0.5882352941176471,0.3529411764705882,-0.2352941176470588,0.5882352941176471,0.2352941176470588,-0.3529411764705883,0.8236453928984115,0.5884258164953281,-0.2352195764030834,0.5884258164953281,0.3529765172481997,-0.2354492992471284,0.5884258164953281,0.2354260173886039,-0.3529997991067242,True,False,False,improved
gobabeb,day,original_development,geography,pilot_phase,gobabeb|day,8569,6,1,6,54637,8569,8569,46068,10.308390490012016,8.528264518158274,-1.7801259718537423,10.982914279346012,9.297164445022588,-1.685749834323424,-10.148419755143014,-8.32010191059071,1.828317844552304,-10.54396097499484,-8.771573294540216,1.7723876804546244,0.903956120900922,0.8124635313338779,-0.091492589567044,0.7536468666122068,0.7149025557241219,-0.0387443108880849,0.6538685961022289,0.5880499474851207,-0.0658186486171081,0.9166990867430326,0.8782456724816874,-0.0384534142613451,0.8172431654956859,0.8037604532730313,-0.0134827122226546,0.7299970869318242,0.7036935714058693,-0.0263035155259548,True,False,False,improved
gobabeb,night,original_development,geography,pilot_phase,gobabeb|night,0,0,0,0,52215,0,0,52215,,,,,,,,,,,,,,,,,,,,,,,,,,,,,,,False,False,False,missing
boulder,day,original_development,geography,pilot_phase,boulder|day,7824,6,1,6,53467,7824,7824,45643,3.79385007560549,3.027782925354757,-0.7660671502507328,4.593882820881268,3.315361277463172,-1.2785215434180954,2.6400021436637005,1.0005311279465707,-1.6394710157171295,3.3443289237656417,0.1844979736427811,-3.1598309501228607,0.4939928425357873,0.3925102249488753,-0.101482617586912,0.2606083844580777,0.1809815950920245,-0.0796267893660532,0.1462167689161554,0.0810327198364008,-0.0651840490797546,0.6022668144501939,0.4429373066729482,-0.1593295077772457,0.3868819195589234,0.225653695403398,-0.1612282241555254,0.21752979422304,0.1123033900139633,-0.1052264042090767,True,False,False,improved
boulder,night,original_development,geography,pilot_phase,boulder|night,8388,8,1,8,54056,8388,8388,45668,4.531988887596539,4.970360866428426,0.4383719788318876,4.447270939818841,5.3425081368280924,0.8952371970092514,-3.5594541724180377,-4.4220187349187885,-0.8625645625007508,-3.359375996539858,-4.817164881079054,-1.457788884539196,0.6298283261802575,0.7130424415832142,0.0832141154029566,0.4009298998569385,0.4839055793991416,0.082975679542203,0.2260371959942775,0.2546494992846924,0.0286123032904148,0.649405883549301,0.7325176696875173,0.0831117861382163,0.3998822859999603,0.5130818113515869,0.1131995253516266,0.2083706718474021,0.3086367830325137,0.1002661111851115,True,False,False,worsened
sioux_falls,day,original_development,geography,pilot_phase,sioux_falls|day,9825,5,1,5,52869,9825,9825,43044,4.428006697203607,2.1188177148094263,-2.3091889823941805,4.949934201090996,2.8956855001590607,-2.0542487009319355,3.562637033856232,1.1172895338336897,-2.4453475000225424,3.747723339608907,1.387440265985009,-2.360283073623898,0.5163358778625954,0.220559796437659,-0.2957760814249364,0.4176081424936387,0.0777608142493638,-0.3398473282442749,0.2778625954198473,0.0328753180661577,-0.2449872773536896,0.5742737691868549,0.3788890438390732,-0.1953847253477817,0.4636679309809722,0.1687520395585776,-0.2949158914223946,0.3259845883178933,0.0664693993384073,-0.259515188979486,True,False,True,improved
sioux_falls,night,original_development,geography,pilot_phase,sioux_falls|night,10969,8,1,8,52670,10969,10969,41701,4.305556548893692,2.684492845058064,-1.6210637038356284,4.975405521321591,3.4516247652733334,-1.5237807560482572,4.230574663744952,2.153761128585515,-2.076813535159437,4.944528548364968,3.121739877137608,-1.8227886712273595,0.7001549822226274,0.3178958884127997,-0.3822590938098277,0.337952411341052,0.2186160999179505,-0.1193363114231014,0.1350168657124623,0.1041115872002917,-0.0309052785121705,0.7395569908368358,0.4768634991134711,-0.2626934917233647,0.4510995390192567,0.3333725918686061,-0.1177269471506505,0.1889096208835426,0.1176658525817294,-0.0712437683018132,True,False,False,improved
sodankyla,day,original_development,geography,pilot_phase,sodankyla|day,193,1,1,1,40420,193,193,40227,1.5980586876756957,2.628588117587797,1.0305294299121013,1.5957936698703326,2.6256633186552083,1.0298696487848755,0.023834040740212,-2.297905224986129,-2.321739265726341,0.0274537244150428,-2.2966109470897007,-2.324064671504744,0.1243523316062176,0.3367875647668393,0.2124352331606216,0.0414507772020725,0.0725388601036269,0.0310880829015543,0.005181347150259,0.0207253886010362,0.0155440414507772,0.1237038212666579,0.3361242873241284,0.2124204660574705,0.0412547965309042,0.0721021159295961,0.0308473193986919,0.0051370282505084,0.0205828176341649,0.0154457893836565,True,True,True,worsened
sodankyla,night,original_development,geography,pilot_phase,sodankyla|night,3888,3,1,3,41592,3888,3888,37704,4.268992174894142,4.257793074859258,-0.0111991000348838,3.035350821333835,3.423659476113575,0.3883086547797401,2.42391585328269,1.595391486887657,-0.8285243663950328,0.391632814379015,-0.5747561440298324,-0.9663889584088474,0.8132716049382716,0.7741769547325102,-0.0390946502057613,0.2965534979423868,0.3747427983539094,0.0781893004115226,0.0516975308641975,0.0303497942386831,-0.0213477366255143,0.5358835794392498,0.550830441460361,0.0149468620211111,0.1472012225446606,0.3137070146707476,0.166505792126087,0.0238613381778688,0.0166071408340516,-0.0072541973438171,True,False,False,worsened
utqiagvik,day,original_development,geography,pilot_phase,utqiagvik|day,2670,3,1,3,34291,2959,2670,31621,3.3566425450613027,2.5759350767610254,-0.7807074683002773,3.650794211253874,2.635317271349217,-1.0154769399046568,2.336302571371336,1.8031795511554023,-0.5331230202159336,0.7596100726831793,1.0678273165641337,0.3082172438809544,0.5164794007490636,0.448689138576779,-0.0677902621722846,0.1745318352059925,0.1397003745318352,-0.0348314606741572,0.0149812734082397,0.0546816479400749,0.0397003745318352,0.5734854055344653,0.4368749607097525,-0.1366104448247127,0.247150742496162,0.130252347019312,-0.11689839547685,0.0410551280107364,0.0492005816659062,0.0081454536551697,True,False,True,improved
utqiagvik,night,original_development,geography,pilot_phase,utqiagvik|night,3428,4,1,4,36407,3706,3428,32979,3.926711636404644,4.205678388284265,0.2789667518796208,3.782079359713696,4.100704619870687,0.3186252601569905,-0.2935481037017131,-0.0018042063679876,0.2917438973337254,0.2261352251793166,0.5014408573779979,0.2753056321986813,0.6595682613768962,0.661610268378063,0.0020420070011668,0.4014002333722287,0.5055425904317387,0.1041423570595099,0.0568844807467911,0.1382730455075846,0.0813885647607935,0.6512327716388108,0.6858399040803101,0.0346071324414993,0.3340403039280899,0.4096422670547061,0.0756019631266161,0.0496943510617265,0.1134790735619894,0.0637847225002629,True,False,False,worsened
singapore_johor,day,original_development,geography,pilot_phase,singapore_johor|day,0,0,0,0,55816,0,0,55816,,,,,,,,,,,,,,,,,,,,,,,,,,,,,,,False,False,False,missing
singapore_johor,night,original_development,geography,pilot_phase,singapore_johor|night,0,0,0,0,53372,0,0,53372,,,,,,,,,,,,,,,,,,,,,,,,,,,,,,,False,False,False,missing
manaus_zf2,day,original_development,geography,pilot_phase,manaus_zf2|day,0,0,0,0,53480,0,0,53480,,,,,,,,,,,,,,,,,,,,,,,,,,,,,,,False,False,False,missing
manaus_zf2,night,original_development,geography,pilot_phase,manaus_zf2|night,0,0,0,0,53967,0,0,53967,,,,,,,,,,,,,,,,,,,,,,,,,,,,,,,False,False,False,missing
cape_town,day,original_development,geography,pilot_phase,cape_town|day,9367,6,1,6,55196,10511,9367,45829,3.3899130557281705,2.403895648309154,-0.9860174074190168,3.463159865533917,2.682055592058347,-0.7811042734755702,1.6271819279410904,0.6370047207808724,-0.990177207160218,1.6944147767569755,0.510240558061545,-1.1841742186954305,0.4443258247037472,0.2828013237963062,-0.161524500907441,0.2084979182235507,0.1078253442937973,-0.1006725739297534,0.1001387850966157,0.0456923241165794,-0.0544464609800363,0.4416693356780379,0.3415397953642171,-0.1001295403138208,0.2231168229835612,0.1297949188447585,-0.0933219041388027,0.1148656479945559,0.0568528352055643,-0.0580128127889916,True,False,True,improved
cape_town,night,original_development,geography,pilot_phase,cape_town|night,3901,2,1,2,55038,4438,3901,51137,1.5907555223637964,1.6263565770344317,0.0356010546706353,1.5978569398832114,1.623768276175096,0.0259113362918845,-1.0511748345675116,-1.3139666741633036,-0.262791839595792,-1.0605557472132865,-1.310439366305577,-0.2498836190922904,0.1422712125096129,0.0676749551397077,-0.0745962573699051,0.0028197897974878,0.0017944116893104,-0.0010253781081773,0.0002563445270443,0.0,-0.0002563445270443,0.1445329730603634,0.0672917013328237,-0.0772412717275397,0.0028874629740168,0.0018261481781676,-0.0010613147958492,0.0002722265657825,0.0,-0.0002722265657825,True,True,True,worsened
lhasa,day,original_development,geography,pilot_phase,lhasa|day,7832,7,1,7,48307,7832,7832,40475,7.45229873659086,7.559239267840023,0.1069405312491627,7.987316620779643,7.749782723420918,-0.2375338973587251,-6.271450376431427,-6.258411127095625,0.0130392493358018,-6.900719768432828,-5.86594264868181,1.034777119751018,0.7519152196118488,0.7727272727272727,0.0208120531154238,0.5967824310520939,0.6159346271705822,0.0191521961184882,0.4625893769152196,0.4692288049029622,0.0066394279877425,0.7475341122534211,0.7755472991126857,0.0280131868592645,0.6050886004262551,0.6248357454276927,0.0197471450014375,0.4910240242549338,0.4750279719196485,-0.0159960523352852,True,False,False,improved
lhasa,night,original_development,geography,pilot_phase,lhasa|night,1883,4,1,4,52698,1883,1883,50815,3.1445655674640585,3.03956508584384,-0.1050004816202183,3.3469910032477634,2.421691859885565,-0.9252991433621984,1.185565003775528,-2.155769883055009,-3.341334886830537,2.446447961988975,-0.6638780944496481,-3.1103260564386237,0.4912373871481678,0.3998937865108868,-0.0913436006372809,0.1821561338289963,0.2113648433351035,0.0292087095061072,0.0483271375464684,0.1136484333510355,0.0653212958045671,0.4383180402601684,0.297813280377516,-0.1405047598826524,0.2386578638548908,0.1580327262293772,-0.0806251376255136,0.0983223611704229,0.0518519827446619,-0.0464703784257609,True,False,False,improved
global_kg01-r294-c1438,day,new_development,geography,pilot_phase,global_kg01-r294-c1438|day,12,1,1,1,6398,12,12,6386,4.982778981110296,4.294900099163699,-0.6878788819465971,4.981997274373495,4.294251336190453,-0.687745938183042,-0.7349635236535867,-0.4449534502336263,0.2900100734199604,-0.7375892980180222,-0.4469701379157917,0.2906191601022305,0.75,0.75,0.0,0.5,0.4166666666666667,-0.0833333333333333,0.3333333333333333,0.1666666666666666,-0.1666666666666667,0.7497467845559247,0.7497467845559247,0.0,0.5000443587800263,0.4168773573663699,-0.0831670014136564,0.3333579683280878,0.166611696357411,-0.1667462719706768,True,False,False,improved
global_kg01-r294-c1438,night,new_development,geography,pilot_phase,global_kg01-r294-c1438|night,421,1,1,1,6734,467,421,6313,5.567167464975522,3.3441937415153307,-2.222973723460191,5.565699470968208,3.3414599282011475,-2.2242395427670605,5.550380269766681,3.3117122975822912,-2.2386679721843894,5.549458565615812,3.310073874815858,-2.2393846907999544,0.997624703087886,0.667458432304038,-0.3301662707838479,0.7125890736342043,0.007125890736342,-0.7054631828978624,0.0736342042755344,0.0,-0.0736342042755344,0.9977179622914476,0.6659542292678134,-0.3317637330236341,0.7118846393646427,0.0070732767781988,-0.704811362586444,0.0736048750855912,0.0,-0.0736048750855912,True,False,False,improved
global_kg04-r417-c0892,day,new_development,geography,pilot_phase,global_kg04-r417-c0892|day,116,1,1,1,5064,116,116,4948,1.9313109612747803,2.358662294071298,0.4273513327965175,1.9304663753562947,2.3574607236339613,0.4269943482776666,1.106424410989378,1.5765090552389909,0.4700846442496129,1.1057963644281523,1.5754264200087449,0.4696300555805925,0.146551724137931,0.25,0.103448275862069,0.0517241379310344,0.0517241379310344,0.0,0.0258620689655172,0.0258620689655172,0.0,0.1464695006175283,0.2498575691530348,0.1033880685355065,0.0516746832189144,0.0516336222231505,-4.106099576389744e-05,0.0257621186032869,0.0257621186032869,0.0,True,True,True,worsened
global_kg04-r417-c0892,night,new_development,geography,pilot_phase,global_kg04-r417-c0892|night,604,1,1,1,7246,692,604,6642,1.8185395284371149,2.022359900761318,0.2038203723242033,1.818596200733049,2.0213915074733624,0.2027953067403134,0.9426196146364008,-1.6711854330903697,-2.6138050477267702,0.9443439434113547,-1.6700426472207484,-2.614386590632103,0.162251655629139,0.2135761589403973,0.0513245033112582,0.0132450331125827,0.0115894039735099,-0.0016556291390728,0.0,0.0,0.0,0.1623173507960764,0.2131884320209912,0.0508710812249147,0.0132549229944508,0.0115619593296758,-0.0016929636647749,0.0,0.0,0.0,True,True,True,worsened
global_kg08-r221-c0434,day,new_development,geography,pilot_phase,global_kg08-r221-c0434|day,619,1,1,1,6928,619,619,6309,2.482038945615542,2.192166973309926,-0.2898719723056162,2.481231955827077,2.1919079888875865,-0.2893239669394902,-1.6598556571206604,-0.9396990017582328,0.7201566553624276,-1.6620010446211235,-0.9410427655457412,0.7209582790753823,0.3667205169628433,0.2924071082390953,-0.0743134087237479,0.0807754442649434,0.0500807754442649,-0.0306946688206785,0.0048465266558966,0.0048465266558966,0.0,0.3668850195993121,0.2926593853900934,-0.0742256342092186,0.080623365979289,0.0499253284306627,-0.0306980375486263,0.0049309706636619,0.0048490277872744,-8.194287638750054e-05,True,True,True,improved
global_kg08-r221-c0434,night,new_development,geography,pilot_phase,global_kg08-r221-c0434|night,3436,5,1,5,8069,3436,3436,4633,2.1044277581811333,2.229045096912313,0.1246173387311797,2.2031197458607013,2.214378469051058,0.0112587231903567,0.5305953338184228,-1.8651157885818903,-2.3957111224003134,0.7068278356418762,-1.7506454881885425,-2.4574733238304187,0.2380675203725261,0.2287543655413271,-0.0093131548311989,0.1050640279394645,0.0858556461001164,-0.0192083818393481,0.0180442374854481,0.029103608847497,0.0110593713620489,0.2644726023019228,0.2247627117786398,-0.039709890523283,0.1231276721117101,0.0810167065642593,-0.0421109655474507,0.0171064590036689,0.0272832176053611,0.0101767586016922,True,True,True,worsened
global_kg17-r538-c0253,day,new_development,geography,pilot_phase,global_kg17-r538-c0253|day,118,2,1,2,7506,118,118,7388,3.709517955054899,4.309074648022224,0.5995566929673251,4.991874669176097,5.816118232753729,0.8242435635776317,-0.7729585384710651,-0.2938633030267697,0.4790952354442954,-3.065486945705095,-3.1765349229674955,-0.1110479772624004,0.4322033898305085,0.6101694915254238,0.1779661016949152,0.2796610169491525,0.3728813559322034,0.0932203389830508,0.1440677966101695,0.1694915254237288,0.0254237288135593,0.6109432647289624,0.7395544568395765,0.1286111921106141,0.4529786908335177,0.5598494460420467,0.1068707552085289,0.2621882683534787,0.3121969086801076,0.0500086403266288,True,False,False,worsened
global_kg17-r538-c0253,night,new_development,geography,pilot_phase,global_kg17-r538-c0253|night,1495,3,1,3,7770,1495,1495,6275,2.757292746418245,3.4973223891880254,0.7400296427697803,3.087287174619918,3.447876814930682,0.360589640310764,-0.2261701973181777,-2.2590067064308257,-2.032836509112648,0.6549299794345915,-1.134191473488319,-1.7891214529229105,0.4187290969899666,0.545819397993311,0.1270903010033444,0.1123745819397993,0.2648829431438127,0.1525083612040134,0.0214046822742474,0.0434782608695652,0.0220735785953178,0.505678552631167,0.5368134831853342,0.0311349305541671,0.1447814282451447,0.2356275679871772,0.0908461397420325,0.0272584527086469,0.036610860980133,0.009352408271486,True,False,False,worsened
global_kg02-r384-c0743,day,new_development,geography,pilot_phase,global_kg02-r384-c0743|day,63,1,1,1,7845,63,63,7782,4.257782258144614,2.943394807733642,-1.314387450410972,4.260259218580459,2.945826382390928,-1.314432836189531,4.242520543912953,2.7783894551930275,-1.4641310887199253,4.245084019593684,2.781558099158733,-1.463525920434951,0.7936507936507936,0.4444444444444444,-0.3492063492063492,0.3333333333333333,0.0952380952380952,-0.2380952380952381,0.0634920634920634,0.0158730158730158,-0.0476190476190476,0.7938120976251469,0.445180689785583,-0.3486314078395639,0.3339039750586102,0.0955789636868279,-0.2383250113717823,0.0637123531774349,0.0158562878575784,-0.0478560653198565,True,False,True,improved
global_kg02-r384-c0743,night,new_development,geography,pilot_phase,global_kg02-r384-c0743|night,0,0,0,0,5941,0,0,5941,,,,,,,,,,,,,,,,,,,,,,,,,,,,,,,False,False,False,missing
global_kg05-r537-c0907,day,new_development,geography,pilot_phase,global_kg05-r537-c0907|day,0,0,0,0,7064,0,0,7064,,,,,,,,,,,,,,,,,,,,,,,,,,,,,,,False,False,False,missing
global_kg05-r537-c0907,night,new_development,geography,pilot_phase,global_kg05-r537-c0907|night,1089,4,1,4,6843,1089,1089,5754,2.8061395498959394,2.468191445139126,-0.3379481047568133,3.4663544075883577,2.81890856202938,-0.6474458455589778,2.4398358317256714,1.9593766634318155,-0.4804591682938559,2.8938865076971965,1.970409252541852,-0.9234772551553444,0.404040404040404,0.3847566574839302,-0.0192837465564738,0.3259871441689623,0.2350780532598714,-0.0909090909090908,0.0973370064279155,0.0367309458218549,-0.0606060606060606,0.4901659960135415,0.4188882023533261,-0.0712777936602154,0.38462207200025,0.2394573623545892,-0.1451647096456608,0.1665133431215348,0.0292324840174683,-0.1372808591040664,True,False,True,improved
global_kg09-r405-c0869,day,new_development,geography,pilot_phase,global_kg09-r405-c0869|day,1425,2,1,2,6858,1425,1425,5433,2.723987041081165,3.316652756840995,0.5926657157598303,2.702837322053376,3.248945202056319,0.5461078800029431,-2.0213228320851773,-2.816096270501238,-0.7947734384160605,-1.9905368630904767,-2.729600190854066,-0.7390633277635887,0.3957894736842105,0.5108771929824562,0.1150877192982456,0.1319298245614035,0.2217543859649123,0.0898245614035087,0.0294736842105263,0.0694736842105263,0.0399999999999999,0.3925321338461973,0.4982976093346208,0.1057654754884235,0.1275429277699455,0.2110055891072794,0.0834626613373339,0.0278859970997873,0.0654177479464972,0.0375317508467099,True,True,False,worsened
global_kg09-r405-c0869,night,new_development,geography,pilot_phase,global_kg09-r405-c0869|night,1805,3,1,3,6136,1805,1805,4331,1.8054779898219824,1.6445179976561837,-0.1609599921657987,1.7747421352785515,1.8832489347102663,0.1085067994317148,0.938845529915996,-1.0001275485988803,-1.938973078514876,0.6134004006622109,-1.3245766356323323,-1.9379770362945432,0.142382271468144,0.1839335180055401,0.041551246537396,0.0149584487534626,0.0049861495844875,-0.0099722991689751,0.0022160664819944,0.0005540166204986,-0.0016620498614958,0.1268944289882266,0.2526766648754964,0.1257822358872698,0.0129533190735888,0.0061469889346049,-0.0068063301389838,0.0017558053249483,0.0008054869550188,-0.0009503183699295,True,True,True,worsened
global_kg18-r504-c0924,day,new_development,geography,pilot_phase,global_kg18-r504-c0924|day,1492,6,1,6,8000,1492,1492,6508,4.1786811802604085,4.155554296491932,-0.0231268837684766,3.467161342327451,3.80232152314349,0.3351601808160387,-0.0367186236859804,-1.6325148814316042,-1.5957962577456235,0.1439876930384718,-1.8943411446423788,-2.038328837680851,0.556970509383378,0.5361930294906166,-0.0207774798927613,0.3304289544235925,0.3156836461126005,-0.0147453083109919,0.1849865951742627,0.1896782841823056,0.0046916890080428,0.4141043456070135,0.5153769591792084,0.1012726135721949,0.2506896028498304,0.2505859833844954,-0.0001036194653349,0.1408291588697432,0.1533615876985103,0.012532428828767,True,False,False,worsened
global_kg18-r504-c0924,night,new_development,geography,pilot_phase,global_kg18-r504-c0924|night,454,1,1,1,6840,454,454,6386,4.205781545502221,3.5870754576767294,-0.6187060878254917,4.210903433362984,3.5851114281044683,-0.6257920052585155,4.071822318851185,3.165912908640764,-0.9059094102104206,4.074178196374462,3.157210687086744,-0.9169675092877184,0.6607929515418502,0.5506607929515418,-0.1101321585903084,0.4052863436123348,0.3171806167400881,-0.0881057268722467,0.1475770925110132,0.0814977973568281,-0.066079295154185,0.661161707674691,0.5491645168571702,-0.1119971908175208,0.4051351916070744,0.3169181243698589,-0.0882170672372155,0.1494105888483552,0.0826861806127297,-0.0667244082356255,True,False,False,improved
global_kg03-r270-c1320,day,new_development,geography,pilot_phase,global_kg03-r270-c1320|day,530,1,1,1,7158,558,530,6628,4.539849994680714,6.071333566082559,1.5314835714018449,4.542732105422827,6.072477957320982,1.5297458518981548,-4.285970239280746,-5.9192343291782725,-1.6332640898975264,-4.291513784673181,-5.922820623164903,-1.6313068384917226,0.7320754716981132,0.9452830188679244,0.2132075471698112,0.3679245283018867,0.6792452830188679,0.3113207547169812,0.1660377358490566,0.2886792452830188,0.1226415094339622,0.7326789924014717,0.9451706088215188,0.2124916164200471,0.3684624750401635,0.6796739855215983,0.3112115104814348,0.1662862819009101,0.2889030944428949,0.1226168125419848,True,False,False,worsened
global_kg03-r270-c1320,night,new_development,geography,pilot_phase,global_kg03-r270-c1320|night,0,0,0,0,7655,0,0,7655,,,,,,,,,,,,,,,,,,,,,,,,,,,,,,,False,False,False,missing
global_kg06-r433-c0435,day,new_development,geography,pilot_phase,global_kg06-r433-c0435|day,429,3,1,3,7763,429,429,7334,2.7374739005339164,2.3152721143860675,-0.4222017861478488,5.109484779644832,4.159815844042624,-0.949668935602208,1.0461333438420548,0.0384164440075781,-1.0077168998344768,2.021866337342676,0.1686950481868497,-1.8531712891558263,0.3939393939393939,0.289044289044289,-0.1048951048951049,0.1258741258741259,0.0932400932400932,-0.0326340326340326,0.0279720279720279,0.0256410256410256,-0.0023310023310023,0.6625866954508229,0.6265820867860008,-0.0360046086648221,0.5711666107953912,0.4110055075582289,-0.1601611032371623,0.4057031129128917,0.0747558918104322,-0.3309472211024595,True,False,False,improved
global_kg06-r433-c0435,night,new_development,geography,pilot_phase,global_kg06-r433-c0435|night,655,2,1,2,7861,655,655,7206,1.6269448795685308,2.3847910315399816,0.7578461519714508,3.552807624545231,3.2650611286320315,-0.2877464959131997,1.2040068845109204,-1.287287250834393,-2.491294135345313,3.32760274687197,1.2930619862361474,-2.0345407606358226,0.1465648854961832,0.332824427480916,0.1862595419847328,0.0671755725190839,0.0580152671755725,-0.0091603053435114,0.0335877862595419,0.0106870229007633,-0.0229007633587786,0.5091404758154926,0.4581983214272023,-0.0509421543882903,0.3169953502154357,0.2755080788082517,-0.041487271407184,0.1773460208440571,0.0907687756291872,-0.0865772452148699,True,False,False,improved
global_kg19-r203-c0437,day,new_development,geography,pilot_phase,global_kg19-r203-c0437|day,768,2,1,2,7182,768,768,6414,9.062393025746394,6.322524550453134,-2.7398684752932594,7.373292126770845,5.719901887604532,-1.6533902391663124,8.169282995736356,4.289287026659358,-3.8799959690769983,5.574886215254459,1.5874876917256575,-3.9873985235288014,0.8502604166666666,0.7669270833333334,-0.0833333333333332,0.7434895833333334,0.6067708333333334,-0.13671875,0.62890625,0.4283854166666667,-0.2005208333333333,0.7606215344366949,0.712870135866132,-0.0477513985705628,0.6103090388067918,0.5340093879166744,-0.0762996508901173,0.4648571069179742,0.3614562831571007,-0.1034008237608735,True,False,False,improved
global_kg19-r203-c0437,night,new_development,geography,pilot_phase,global_kg19-r203-c0437|night,2067,5,1,5,7667,2067,2067,5600,4.858959229881335,2.3592649042315927,-2.499694325649742,4.514423621574364,2.146951950761794,-2.3674716708125705,4.644302021979719,1.4433118538923972,-3.200990168087322,4.1485734419044125,1.0433398062472394,-3.1052336356571733,0.7498790517658442,0.3347847121432027,-0.4150943396226415,0.5089501693275278,0.0793420416061925,-0.4296081277213353,0.196903725205612,0.011611030478955,-0.185292694726657,0.6984340339066542,0.2761021490159536,-0.4223318848907005,0.4614809684724535,0.0545992059114414,-0.4068817625610121,0.1658102744842494,0.0066921057402162,-0.1591181687440332,True,False,True,improved
global_kg07-r179-c1397,day,new_development,geography,pilot_phase,global_kg07-r179-c1397|day,39,2,1,2,4989,39,39,4950,2.746110750204394,2.888461466945098,0.1423507167407041,2.6598490289621965,2.874557051684427,0.2147080227222306,0.4969751805325816,-0.0032495286414798,-0.5002247091740614,0.134841517965789,-0.3862771627199708,-0.5211186806857598,0.2307692307692307,0.3333333333333333,0.1025641025641026,0.1794871794871795,0.1538461538461538,-0.0256410256410256,0.0769230769230769,0.0512820512820512,-0.0256410256410257,0.2088146706291952,0.331857157498506,0.1230424868693107,0.1550885165650258,0.1331402085943363,-0.0219483079706895,0.0664801491769892,0.0443048828019464,-0.0221752663750428,True,True,True,worsened
global_kg07-r179-c1397,night,new_development,geography,pilot_phase,global_kg07-r179-c1397|night,0,0,0,0,6176,0,0,6176,,,,,,,,,,,,,,,,,,,,,,,,,,,,,,,False,False,False,missing
global_kg11-r222-c0458,day,reserved_new_geography,geography,pilot_phase,global_kg11-r222-c0458|day,0,0,0,0,0,0,0,0,,,,,,,,,,,,,,,,,,,,,,,,,,,,,,,False,False,False,missing
global_kg11-r222-c0458,night,reserved_new_geography,geography,pilot_phase,global_kg11-r222-c0458|night,0,0,0,0,0,0,0,0,,,,,,,,,,,,,,,,,,,,,,,,,,,,,,,False,False,False,missing
global_kg20-r601-c1260,day,new_development,geography,pilot_phase,global_kg20-r601-c1260|day,0,0,0,0,5271,0,0,5271,,,,,,,,,,,,,,,,,,,,,,,,,,,,,,,False,False,False,missing
global_kg20-r601-c1260,night,new_development,geography,pilot_phase,global_kg20-r601-c1260|night,177,1,1,1,5287,177,177,5110,2.55222462294646,3.993447881154235,1.441223258207775,2.554731432264691,3.9979127412925233,1.4431813090278325,1.547310007394307,3.4924049591837525,1.9450949517894456,1.5511813162506771,3.496663515282965,1.945482199032288,0.2994350282485876,0.807909604519774,0.5084745762711864,0.0451977401129943,0.2259887005649717,0.1807909604519774,0.0282485875706214,0.0169491525423728,-0.0112994350282485,0.3002469354565328,0.8088138002532597,0.5085668647967269,0.0451769109595586,0.2267896578532446,0.181612746893686,0.0282353119537704,0.0170718495969834,-0.0111634623567869,True,True,False,worsened
global_kg12-r442-c0300,day,new_development,geography,pilot_phase,global_kg12-r442-c0300|day,1951,3,1,3,7442,1951,1951,5491,6.248414564831145,6.706795722962812,0.458381158131667,6.702881492915688,6.7765060631027465,0.0736245701870581,5.445781638498032,6.382508076055243,0.9367264375572102,6.0162210533824805,6.470365143777166,0.4541440903946858,0.7375704766786263,0.7944643772424398,0.0568939005638134,0.5561250640697079,0.6509482316760635,0.0948231676063556,0.4038954382368016,0.4838544336237826,0.079958995386981,0.7621788213631326,0.8040725551478638,0.0418937337847311,0.5979238889081266,0.6688564220993143,0.0709325331911876,0.4581847236271066,0.5044908408560239,0.0463061172289173,True,False,False,worsened
global_kg12-r442-c0300,night,new_development,geography,pilot_phase,global_kg12-r442-c0300|night,358,1,1,1,7347,358,358,6989,2.7278081255454363,3.110432929764534,0.3826248042190978,2.7092148467157657,3.0962129507708385,0.3869981040550727,-2.545085397764818,-3.100287579723298,-0.5552021819584803,-2.5254996272720045,-3.08596143415975,-0.5604618068877456,0.3687150837988827,0.4748603351955307,0.106145251396648,0.1564245810055866,0.1620111731843575,0.0055865921787709,0.0083798882681564,0.0055865921787709,-0.0027932960893855,0.3650412698793208,0.471626369245329,0.1065850993660082,0.1528964710774851,0.1586866320136604,0.0057901609361752,0.0081096662947401,0.0054863175701422,-0.0026233487245979,True,True,False,worsened
global_kg21-r550-c1258,day,new_development,geography,pilot_phase,global_kg21-r550-c1258|day,1236,3,1,3,7579,1236,1236,6343,2.0439977885188814,3.7068265822212254,1.662828793702344,2.565050720181787,4.752268531873269,2.187217811691482,-1.4381207335165989,-2.4878795814164523,-1.0497588478998534,-0.1669825619717581,0.0759001116266623,0.2428826735984204,0.0970873786407767,0.8131067961165048,0.7160194174757282,0.0064724919093851,0.0800970873786407,0.0736245954692556,0.0,0.0501618122977346,0.0501618122977346,0.2816755375074941,0.8905928409751155,0.6089173034676214,0.0256549869426016,0.3171905802138633,0.2915355932712617,0.0,0.1986027541911165,0.1986027541911165,True,True,False,worsened
global_kg21-r550-c1258,night,new_development,geography,pilot_phase,global_kg21-r550-c1258|night,792,1,1,1,6787,792,792,5995,2.6084832386149515,2.178273918890321,-0.4302093197246304,2.6094778984002884,2.175870759556769,-0.4336071388435196,-1.5691080168484992,0.3022031281722779,1.871311145020777,-1.5726988783998932,0.2986094939910587,1.871308372390952,0.3358585858585858,0.2474747474747475,-0.0883838383838383,0.0681818181818181,0.0896464646464646,0.0214646464646465,0.0479797979797979,0.0353535353535353,-0.0126262626262626,0.3362574250082201,0.2469572123487977,-0.0893002126594224,0.0681119030830735,0.0894465291191248,0.0213346260360513,0.0478766374210773,0.0352777394634115,-0.0125988979576657,True,True,True,improved
global_kg22-r554-c0327,day,new_development,geography,pilot_phase,global_kg22-r554-c0327|day,749,1,1,1,6249,749,749,5500,3.893494277441611,4.813804602150938,0.9203103247093272,3.89390065644332,4.813725746607067,0.9198250901637466,3.893494277441611,4.813804602150938,0.9203103247093272,3.89390065644332,4.813725746607067,0.9198250901637466,0.9145527369826436,1.0,0.0854472630173563,0.0947930574098798,0.3364485981308411,0.2416555407209613,0.0,0.0066755674232309,0.0066755674232309,0.9146417386341584,1.0,0.0853582613658415,0.0948089142610917,0.3364531265168068,0.2416442122557151,0.0,0.0066700027111575,0.0066700027111575,True,False,False,worsened
global_kg22-r554-c0327,night,new_development,geography,pilot_phase,global_kg22-r554-c0327|night,1598,3,1,3,5552,1598,1598,3954,3.1292364957305114,2.510832045745193,-0.6184044499853183,3.171040274594843,2.947368321039132,-0.2236719535557108,1.0801088490861634,2.497879554227063,1.4177707051408996,1.4762772158093689,2.937138238325412,1.460861022516043,0.4655819774718398,0.3911138923654568,-0.074468085106383,0.0775969962453066,0.0769712140175219,-0.0006257822277846,0.0056320400500625,0.0156445556946182,0.0100125156445557,0.4693195053692763,0.4724358365498345,0.0031163311805582,0.1071599204908542,0.1447345028177817,0.0375745823269274,0.012194616540818,0.0366334081256646,0.0244387915848466,True,False,True,improved
global_kg14-r534-c0879,day,new_development,geography,pilot_phase,global_kg14-r534-c0879|day,383,2,1,2,4020,437,383,3637,5.715659290209039,6.684838507992449,0.9691792177834104,4.232764067134006,4.740367965140296,0.5076038980062894,5.327426450590202,6.4784291870088175,1.151002736418616,2.5402510253427093,2.452796875863961,-0.0874541494787481,0.8459530026109661,0.8798955613577023,0.0339425587467362,0.6840731070496083,0.8093994778067886,0.1253263707571802,0.3080939947780678,0.5822454308093995,0.2741514360313317,0.6201472667304012,0.6425118373872132,0.0223645706568119,0.4605213205438394,0.5309717300086753,0.0704504094648358,0.1944237988702836,0.3005475573697719,0.1061237584994883,True,False,False,worsened
global_kg14-r534-c0879,night,new_development,geography,pilot_phase,global_kg14-r534-c0879|night,530,1,1,1,7163,592,530,6633,5.007426721315811,4.841783181489404,-0.1656435398264069,5.021541398412236,4.856557754498194,-0.1649836439140415,-4.941764865094298,-4.786035338146437,0.1557295269478604,-4.956979052513023,-4.801648784536981,0.1553302679760415,0.7358490566037735,0.7113207547169811,-0.0245283018867924,0.4660377358490566,0.4528301886792453,-0.0132075471698113,0.2792452830188679,0.2735849056603773,-0.0056603773584906,0.736716750937835,0.7124398629345463,-0.0242768880032886,0.4672620873237212,0.4540681183912651,-0.0131939689324561,0.2830278988054134,0.2777555173247337,-0.0052723814806797,True,False,False,improved
global_kg23-r629-c0321,day,new_development,geography,pilot_phase,global_kg23-r629-c0321|day,716,1,1,1,4358,716,716,3642,1.228387733514638,1.5624660639629269,0.3340783304482888,1.228747426358328,1.5634784589188535,0.3347310325605255,-1.201511432982462,-1.562453631583801,-0.3609421986013388,-1.2019067209107543,-1.563466017940951,-0.3615592970301966,0.0237430167597765,0.0195530726256983,-0.0041899441340782,0.0,0.0,0.0,0.0,0.0,0.0,0.02382017567797,0.0196826533688063,-0.0041375223091636,0.0,0.0,0.0,0.0,0.0,0.0,True,True,True,worsened
global_kg23-r629-c0321,night,new_development,geography,pilot_phase,global_kg23-r629-c0321|night,0,0,0,0,5841,0,0,5841,,,,,,,,,,,,,,,,,,,,,,,,,,,,,,,False,False,False,missing
global_kg15-r284-c0913,day,reserved_new_geography,geography,pilot_phase,global_kg15-r284-c0913|day,0,0,0,0,0,0,0,0,,,,,,,,,,,,,,,,,,,,,,,,,,,,,,,False,False,False,missing
global_kg15-r284-c0913,night,reserved_new_geography,geography,pilot_phase,global_kg15-r284-c0913|night,0,0,0,0,0,0,0,0,,,,,,,,,,,,,,,,,,,,,,,,,,,,,,,False,False,False,missing
global_kg24-r633-c1264,day,new_development,geography,pilot_phase,global_kg24-r633-c1264|day,20,1,1,1,5307,20,20,5287,1.2869850025048746,1.6053632143931829,0.3183782118883083,1.2916213846651667,1.6007238527572962,0.3091024680921295,-0.8103888345190547,1.4324303129926272,2.242819147511682,-0.8182646115122378,1.4251536457966385,2.243418257308877,0.05,0.15,0.0999999999999999,0.0,0.0,0.0,0.0,0.0,0.0,0.0507750084152378,0.1495165002087527,0.0987414917935149,0.0,0.0,0.0,0.0,0.0,0.0,True,True,True,worsened
global_kg24-r633-c1264,night,new_development,geography,pilot_phase,global_kg24-r633-c1264|night,0,0,0,0,4964,0,0,4964,,,,,,,,,,,,,,,,,,,,,,,,,,,,,,,False,False,False,missing
global_kg16-r192-c1306,day,new_development,geography,pilot_phase,global_kg16-r192-c1306|day,310,2,1,2,7641,310,310,7331,3.6549854686203815,6.045604952402644,2.3906194837822623,3.4480617001603133,4.097771048069856,0.649709347909543,3.388214414802043,5.904957172488361,2.516742757686318,0.2942929772506591,2.422053260285112,2.127760283034453,0.5806451612903226,0.932258064516129,0.3516129032258064,0.232258064516129,0.6838709677419355,0.4516129032258065,0.0612903225806451,0.2903225806451613,0.2290322580645162,0.5971532022664459,0.5600674150693965,-0.0370857871970493,0.1580296513795815,0.3568991924723713,0.1988695410927898,0.0320119439163712,0.1515498822925289,0.1195379383761576,True,False,False,worsened
global_kg16-r192-c1306,night,new_development,geography,pilot_phase,global_kg16-r192-c1306|night,709,4,1,4,6605,709,709,5896,5.238200834175145,4.535007832766855,-0.7031930014082901,4.959966783929592,4.291073723043303,-0.6688930608862886,4.702641694771537,4.076580775281801,-0.6260609194897357,4.5860723678315045,3.9576798292712,-0.6283925385603046,0.7038081805359662,0.6741889985895627,-0.0296191819464034,0.535966149506347,0.4992947813822285,-0.0366713681241185,0.3737658674188998,0.1706629055007052,-0.2031029619181945,0.7199549291832974,0.6302622062920423,-0.089692722891255,0.4970324772067319,0.4463970514605226,-0.0506354257462092,0.2851025047878442,0.1356738217616145,-0.1494286830262297,True,False,False,improved
global_kg25-r534-c0819,day,reserved_new_geography,geography,pilot_phase,global_kg25-r534-c0819|day,0,0,0,0,0,0,0,0,,,,,,,,,,,,,,,,,,,,,,,,,,,,,,,False,False,False,missing
global_kg25-r534-c0819,night,reserved_new_geography,geography,pilot_phase,global_kg25-r534-c0819|night,0,0,0,0,0,0,0,0,,,,,,,,,,,,,,,,,,,,,,,,,,,,,,,False,False,False,missing
global_kg01-r365-c0828,day,new_development,geography,pilot_phase,global_kg01-r365-c0828|day,0,0,0,0,6604,0,0,6604,,,,,,,,,,,,,,,,,,,,,,,,,,,,,,,False,False,False,missing
global_kg01-r365-c0828,night,new_development,geography,pilot_phase,global_kg01-r365-c0828|night,0,0,0,0,6557,0,0,6557,,,,,,,,,,,,,,,,,,,,,,,,,,,,,,,False,False,False,missing
global_kg04-r511-c0716,day,new_development,geography,pilot_phase,global_kg04-r511-c0716|day,2466,4,1,4,7126,2469,2466,4660,5.048665058167091,2.7515394826573565,-2.297125575509735,4.582646465958404,2.6937208810033137,-1.88892558495509,4.728429360006165,1.116945667805772,-3.611483692200393,4.148308534959777,0.6746409304346047,-3.4736676045251724,0.6585563665855637,0.3690186536901865,-0.2895377128953772,0.4330900243309002,0.1881589618815896,-0.2449310624493106,0.2749391727493917,0.0494728304947283,-0.2254663422546634,0.5931548404702407,0.3591786846231458,-0.2339761558470949,0.376037408588943,0.168224977876355,-0.207812430712588,0.2367224278316185,0.0427163619913038,-0.1940060658403147,True,False,True,improved
global_kg04-r511-c0716,night,new_development,geography,pilot_phase,global_kg04-r511-c0716|night,1367,3,1,3,7546,1368,1367,6179,1.965508972920848,0.7496298314897901,-1.2158791414310577,2.0757186403377226,0.8263657130919793,-1.249352927245743,1.891589947602481,-0.1107216797341527,-2.002311627336633,1.9831031330955773,0.0106009505799968,-1.9725021825155808,0.1097293343087052,0.008046817849305,-0.1016825164594002,0.0029261155815654,0.0036576444769568,0.0007315288953913,0.0,0.0007315288953913,0.0007315288953913,0.1432300745680923,0.0148486192903491,-0.1283814552777432,0.0018285029426109,0.0022852872128421,0.0004567842702311,0.0,0.0004559131361902,0.0004559131361902,True,True,True,improved
global_kg02-r269-c0548,day,new_development,geography,pilot_phase,global_kg02-r269-c0548|day,1134,4,1,4,7410,1134,1134,6276,3.048873603134111,2.7893971727562223,-0.2594764303778887,2.7606132728525714,3.475146668116325,0.7145333952637536,2.836949305043761,2.4665206261604458,-0.3704286788833153,2.572893977435545,3.265003460860944,0.6921094834253987,0.4435626102292769,0.3403880070546737,-0.1031746031746032,0.1587301587301587,0.1384479717813051,-0.0202821869488535,0.0414462081128747,0.0529100529100529,0.0114638447971782,0.3461011279118631,0.4571528679611566,0.1110517400492935,0.129724743444495,0.2149397626659237,0.0852150192214287,0.0376709513737179,0.094887609387448,0.0572166580137301,True,False,False,worsened
global_kg02-r269-c0548,night,new_development,geography,pilot_phase,global_kg02-r269-c0548|night,2316,4,1,4,7488,2316,2316,5172,3.0367756330779523,1.9342706109231689,-1.1025050221547834,3.076112291865152,1.970021995067674,-1.1060902967974775,2.851171736207519,-0.0214451249149138,-2.8726168611224328,2.852861740071893,0.0635580366293479,-2.789303703442545,0.3933506044905008,0.1852331606217616,-0.2081174438687392,0.1653713298791018,0.0371329879101899,-0.1282383419689119,0.057426597582038,0.0146804835924006,-0.0427461139896373,0.4029629728182411,0.1952296080812242,-0.2077333647370169,0.1804289775561021,0.0403313596414099,-0.1400976179146922,0.0623613127963808,0.0144092212996172,-0.0479520914967636,True,False,True,improved
global_kg05-r443-c0789,day,new_development,geography,pilot_phase,global_kg05-r443-c0789|day,2479,4,1,4,6748,2479,2479,4269,3.459730531585812,2.3100741449153124,-1.1496563866704994,3.651789493975957,2.3278381108255823,-1.3239513831503746,2.893102122853437,-0.6943869590371273,-3.5874890818905643,3.113872140583109,-0.4955760483807255,-3.6094481889638335,0.4977813634530052,0.2864058087938685,-0.2113755546591367,0.2307382008874546,0.1077047196450181,-0.1230334812424364,0.0899556272690601,0.0411456232351754,-0.0488100040338847,0.5254044335794041,0.2905366129444738,-0.2348678206349303,0.2640919357532749,0.1116023603454663,-0.1524895754078085,0.1090763999339641,0.0410976710425025,-0.0679787288914616,True,False,True,improved
global_kg05-r443-c0789,night,new_development,geography,pilot_phase,global_kg05-r443-c0789|night,4215,6,1,6,8118,4215,4215,3903,7.6195646825025,4.856213714441346,-2.763350968061154,7.680906379398807,4.957264569412573,-2.7236418099862334,7.617786869105969,4.772999988959017,-2.844786880146952,7.679159762226603,4.875573767146103,-2.8035859950805,0.9209964412811388,0.7893238434163701,-0.1316725978647687,0.8524317912218268,0.5207591933570581,-0.3316725978647686,0.6659549228944247,0.1456702253855278,-0.5202846975088969,0.9225316967350192,0.7959517188530785,-0.1265799778819407,0.8554992360294963,0.5339839580303133,-0.321515277999183,0.6759943301617022,0.162984090477043,-0.5130102396846592,True,False,False,improved
global_kg03-r431-c1206,day,new_development,geography,pilot_phase,global_kg03-r431-c1206|day,0,0,0,0,6887,0,0,6887,,,,,,,,,,,,,,,,,,,,,,,,,,,,,,,False,False,False,missing
global_kg03-r431-c1206,night,new_development,geography,pilot_phase,global_kg03-r431-c1206|night,0,0,0,0,7630,0,0,7630,,,,,,,,,,,,,,,,,,,,,,,,,,,,,,,False,False,False,missing
global_kg06-r235-c1321,day,new_development,geography,pilot_phase,global_kg06-r235-c1321|day,2074,4,1,4,7585,2074,2074,5511,5.239653253698102,4.493468938211501,-0.7461843154866008,4.872858114433956,4.131817440168346,-0.7410406742656095,-4.6825442895149605,-3.5649366514307275,1.117607638084233,-3.772322259049395,-2.7816095835611354,0.9907126754882598,0.6538090646094503,0.6065573770491803,-0.0472516875602699,0.4580520732883317,0.3408871745419479,-0.1171648987463838,0.3167791706846673,0.2049180327868852,-0.1118611378977821,0.6294758788240213,0.5709530146259412,-0.0585228641980801,0.4096803503230776,0.316354107218827,-0.0933262431042505,0.2622964728001546,0.1598114522599862,-0.1024850205401684,True,False,False,improved
global_kg06-r235-c1321,night,new_development,geography,pilot_phase,global_kg06-r235-c1321|night,1886,4,1,4,7588,1886,1886,5702,2.599612042679624,1.988198512066487,-0.611413530613137,3.93321136814921,2.7506821911595574,-1.1825291769896524,1.663163880147048,1.4393565152045402,-0.2238073649425078,3.1976196471061824,2.32417543784885,-0.8734442092573325,0.404559915164369,0.1765641569459173,-0.2279957582184517,0.0965005302226935,0.0265111346765641,-0.0699893955461294,0.0222693531283138,0.0042417815482502,-0.0180275715800636,0.5414145577223027,0.3194265719735925,-0.2219879857487102,0.2749564420506962,0.1748784735989826,-0.1000779684517136,0.2000232034921469,0.0475636233662368,-0.1524595801259101,True,False,True,improved
global_kg07-r438-c0324,day,new_development,geography,pilot_phase,global_kg07-r438-c0324|day,3,1,1,1,7291,3,3,7288,0.9215699256091248,3.628206892398824,2.7066369667896994,0.9254000940396296,3.622679251519586,2.6972791574799566,0.9215699256091248,-3.628206892398824,-4.549776818007949,0.9254000940396296,-3.622679251519586,-4.548079345559216,0.0,0.6666666666666666,0.6666666666666666,0.0,0.0,0.0,0.0,0.0,0.0,0.0,0.6646104317410354,0.6646104317410354,0.0,0.0,0.0,0.0,0.0,0.0,True,True,False,worsened
global_kg07-r438-c0324,night,new_development,geography,pilot_phase,global_kg07-r438-c0324|night,3417,7,1,7,8019,3417,3417,4602,5.365098446803859,3.068981107275385,-2.2961173395284744,4.439306129391188,2.6013318621735646,-1.8379742672176231,5.3577070281325545,2.730310378981849,-2.6273966491507057,4.430607053462087,1.8725574988522549,-2.5580495546098323,0.8405033655253146,0.4966344746853965,-0.343868890839918,0.5823822066139889,0.1214515657009072,-0.4609306409130816,0.2110038045068774,0.0140474100087796,-0.1969563944980978,0.6837580541400493,0.365798170041735,-0.3179598840983143,0.4460829582022396,0.0802815213392512,-0.3658014368629884,0.1429457698754654,0.0093452715022792,-0.1336004983731862,True,False,False,improved
global_kg14-r515-c1285,day,reserved_new_geography,geography,pilot_phase,global_kg14-r515-c1285|day,0,0,0,0,0,0,0,0,,,,,,,,,,,,,,,,,,,,,,,,,,,,,,,False,False,False,missing
global_kg14-r515-c1285,night,reserved_new_geography,geography,pilot_phase,global_kg14-r515-c1285|night,0,0,0,0,0,0,0,0,,,,,,,,,,,,,,,,,,,,,,,,,,,,,,,False,False,False,missing
global_kg01-r395-c0386,day,new_development,geography,pilot_phase,global_kg01-r395-c0386|day,0,0,0,0,7898,0,0,7898,,,,,,,,,,,,,,,,,,,,,,,,,,,,,,,False,False,False,missing
global_kg01-r395-c0386,night,new_development,geography,pilot_phase,global_kg01-r395-c0386|night,268,1,1,1,7901,268,268,7633,2.327675894692172,2.1200305328973528,-0.2076453617948193,2.328738714811093,2.121121819353798,-0.2076168954572947,1.6808526132362631,1.1991024028073176,-0.4817502104289455,1.6831706315000183,1.2021462615864644,-0.4810243699135539,0.3246268656716418,0.2873134328358209,-0.0373134328358208,0.0373134328358208,0.0261194029850746,-0.0111940298507462,0.0074626865671641,0.0111940298507462,0.0037313432835821,0.3250163310831988,0.2876612497905962,-0.0373550812926025,0.0372382489895471,0.0260882079444631,-0.0111500410450839,0.0074276859090323,0.0111435542888883,0.003715868379856,True,True,True,improved
global_kg04-r485-c0825,day,reserved_new_geography,geography,pilot_phase,global_kg04-r485-c0825|day,0,0,0,0,0,0,0,0,,,,,,,,,,,,,,,,,,,,,,,,,,,,,,,False,False,False,missing
global_kg04-r485-c0825,night,reserved_new_geography,geography,pilot_phase,global_kg04-r485-c0825|night,0,0,0,0,0,0,0,0,,,,,,,,,,,,,,,,,,,,,,,,,,,,,,,False,False,False,missing
global_kg02-r387-c0866,day,reserved_new_geography,geography,pilot_phase,global_kg02-r387-c0866|day,0,0,0,0,0,0,0,0,,,,,,,,,,,,,,,,,,,,,,,,,,,,,,,False,False,False,missing
global_kg02-r387-c0866,night,reserved_new_geography,geography,pilot_phase,global_kg02-r387-c0866|night,0,0,0,0,0,0,0,0,,,,,,,,,,,,,,,,,,,,,,,,,,,,,,,False,False,False,missing
global_kg03-r347-c0561,day,reserved_new_geography,geography,pilot_phase,global_kg03-r347-c0561|day,0,0,0,0,0,0,0,0,,,,,,,,,,,,,,,,,,,,,,,,,,,,,,,False,False,False,missing
global_kg03-r347-c0561,night,reserved_new_geography,geography,pilot_phase,global_kg03-r347-c0561|night,0,0,0,0,0,0,0,0,,,,,,,,,,,,,,,,,,,,,,,,,,,,,,,False,False,False,missing
global_kg06-r404-c0767,day,reserved_new_geography,geography,pilot_phase,global_kg06-r404-c0767|day,0,0,0,0,0,0,0,0,,,,,,,,,,,,,,,,,,,,,,,,,,,,,,,False,False,False,missing
global_kg06-r404-c0767,night,reserved_new_geography,geography,pilot_phase,global_kg06-r404-c0767|night,0,0,0,0,0,0,0,0,,,,,,,,,,,,,,,,,,,,,,,,,,,,,,,False,False,False,missing
