test_mode,segment,paired,dates,sites,mae,balanced_mae,bias,above_5_fraction,above_7_fraction
pilot,overall,114492,16,9,4.319291213953498,4.848993776999867,-0.7123790236205763,0.2923785067952346,0.1699158019774307
month,overall,114492,16,9,3.260077376468412,4.259335371367824,0.3421232121760034,0.2283128952241204,0.1107413618418754
reference,overall,13943,8,1,1.8348811171178991,2.405668150288731,-0.252965352980669,0.0296923187262425,0.0077458222764111
pilot,boulder|day,7824,6,1,3.791201010038002,4.528004841630332,2.6910175339737705,0.262142126789366,0.1402096114519427
pilot,boulder|night,8388,8,1,4.423763620020005,4.402604272535219,-3.350667363307191,0.3946113495469718,0.2136385312350977
reference,cabauw|day,5142,5,1,1.286264351784493,2.4153274861666225,0.1383161783138601,0.0128354725787631,0.0019447685725398
reference,cabauw|night,8801,5,1,2.1554114440517,2.39600881441084,-0.4815722878649403,0.0395409612544029,0.0111350982842858
pilot,cape_town|day,9367,6,1,3.1494623376243283,3.2635585093255672,1.2025552257728525,0.1845841784989858,0.0876481264011956
pilot,cape_town|night,3901,2,1,1.8499929437002536,1.857905766697941,-1.4841220663524568,0.006664957703153,0.000769033581133
pilot,darwin_howard_springs|day,3898,3,1,6.825946364766168,7.492885486691272,6.610213410538873,0.6493073370959467,0.4494612621857363
pilot,darwin_howard_springs|night,17,1,1,9.836455782044784,9.83763650214516,-9.836455782044784,0.9411764705882352,0.7058823529411765
pilot,gobabeb|day,8569,6,1,10.178276235224128,11.246154282916946,-10.022427209050797,0.7384759015054265,0.6453495156961139
pilot,gobabeb|night,0,0,0,,,,,
pilot,greater_london|day,7049,4,1,2.4691848662036198,2.172423389321797,-0.4971416029450649,0.1153355085827777,0.0285146829337494
pilot,greater_london|night,24791,6,1,2.7253677198995088,3.6783919514718906,-2.491792735146231,0.047718930256948,0.0089951998709208
pilot,lhasa|day,7832,7,1,7.396991893183348,7.962669655654217,-6.552510833749907,0.6150408580183861,0.4706332992849846
pilot,lhasa|night,1883,4,1,2.893117644539269,2.9315794222589564,0.4112168479974503,0.1561338289962825,0.0377057886351566
pilot,manaus_zf2|day,0,0,0,,,,,
pilot,manaus_zf2|night,0,0,0,,,,,
pilot,singapore_johor|day,0,0,0,,,,,
pilot,singapore_johor|night,0,0,0,,,,,
pilot,sioux_falls|day,9825,5,1,3.9767840715953953,4.915622026190702,3.1234953564424126,0.3644783715012722,0.2097709923664122
pilot,sioux_falls|night,10969,8,1,4.541107821477261,5.214116148549982,4.498830761101284,0.3424195459932537,0.1447716291366578
pilot,sodankyla|day,193,1,1,1.6275496859664764,1.6262791537562469,0.3917365357470129,0.0518134715025906,0.005181347150259
pilot,sodankyla|night,3888,3,1,3.9196377354778655,3.419072260843006,1.387381006777204,0.2626028806584362,0.0167181069958847
pilot,utqiagvik|day,2670,3,1,3.7998146966023967,3.980308921106948,2.802831196035825,0.197752808988764,0.0149812734082397
pilot,utqiagvik|night,3428,4,1,4.116631987445746,3.903681617901563,0.9134187809885732,0.4320303383897316,0.1490665110851808
